{"year":{"0":2021,"1":2022,"2":2023,"3":2024,"4":2025,"5":2026},"CO2_pred":{"0":1.0896825172,"1":1.0986027657,"2":1.1075230142,"3":1.1164432626,"4":1.1253635111,"5":1.1342837596}}