year,CO2_pred
2021,1.0896825172107043
2022,1.0986027656882946
2023,1.1075230141658814
2024,1.1164432626434682
2025,1.125363511121055
2026,1.1342837595986452
