sno,year,CO2_pred
0,2021,1.0200489699226907
1,2022,1.0284508456227002
2,2023,1.0368527213227132
3,2024,1.0452545970227227
4,2025,1.0536564727227358
